,theme,alt_theme,author,title,year,page_numbers,page_link
0,Baptism,,"Brown, Henry Box, and Charles Stearn",Narrative of Henry Box Brown,1849,23-24,/neh/boxbrown/boxbrown.html#p23
1,Baptism,,"Brown, Josephine",Biography of an American Bondman,"1856, c1855",23-24,/neh/brownj/brownj.html#brownj23
2,Baptism,,"Brown, Rebecca Warren[?]",Memoir of Mrs. Chloe Spear,1832,38-40,/neh/brownrw/brownrw.html#spear38
3,Baptism,,"Henry, George",Life of George Henry,1894,42-43,/neh/henryg/henryg.html#henry42
4,Baptism,,"Johnson, Thomas Lewis",Twenty-Eight Years a Slave,1909,17,/neh/johnson1/johnson.html#john17
5,Baptism,,"Marrs, Elijah P.",Life and History of the Rev. Elijah P. Marrs,1885,15,/neh/marrs/marrs.html#p15
6,Baptism,,No Author,Biography of London Ferrill,1854,2-3,/neh/ferrill/ferrill.html#p2
7,Baptism,,"Richmond, Legh",The Negro Servant,1815,141-143,/neh/richmond/richmond.html#rich141
8,Baptism,,"Said, Nicholas",The Autobiography of Nicholas Said,1873,145,/neh/said/said.html#p145
9,Baptism,,"Stevens, Charles Emery",Anthony Burns,1856,164-165,/neh/stevens/stevens.html#steve164
10,Bible ,,Aaron,The Light and Truth of Slavery,1845,19-21,/neh/aaron/aaron.html#p19
11,Bible ,,"Albert, Octavia V. Rogers",The House of Bondage,1890,10-11,/neh/albert/albert.html#albert10
12,Bible ,,"Anderson, Thomas",Interesting Account of Thomas Anderson,1854?,5,/neh/anderson/anderson.html#ander5
13,Bible ,,"Ball, Charles",Fifty Years in Chains,1859,150-151,/fpn/ball/ball.html#ball150
14,Bible ,,"Bibb, Henry",Narrative of the Life and Adventures of Henry Bibb,1849,21,/neh/bibb/bibb.html#bibb21
15,Bible ,,"Davis, Noah",A Narrative of the Life of Rev. Noah Davis,1859,10,/neh/davisn/davis.html#davis10
16,Bible ,,"Hughes, Louis",Thirty Years a Slave from Bondage to Freedom,1897,53,/fpn/hughes/hughes.html#hughes53
17,Bible ,,"Jacobs, Harriet Ann",Incidents in the Life of a Slave Girl,1861,52,/fpn/jacobs/jacobs.html#jac52
18,Bible ,,"Johnson, Thomas Lewis",Twenty-Eight Years a Slave,1909,17-18,/neh/johnson1/johnson.html#john17
19,Bible ,,"Offley, G. W. (Greensbury Washington)",A Narrative of the Life and Labors of the Rev. G. W. Offley,1859,9,/neh/offley/offley.html#offley9
20,Bible ,,"Randolph, Peter",Sketches of Slave Life,1855,26,/neh/randol55/randol55.html#rando26
21,Bible ,,"Upham, Mrs. T.C.",Narrative of Phebe Ann Jacobs,1850?,3-4,/neh/upham/upham.html#jacobs3
22,Bible ,,"Williams, James",Narrative of James Williams,1838,71-74,/fpn/williams/williams.html#williams71
23,Bible ,,"Brown, William Wells",My Southern Home,1880,15-20,/neh/brown80/brown80.html#brown15
24,Bible ,,"Fedric, Francis",Slave Life in Virginia and Kentucky,1863,12,/neh/fedric/fedric.html#fred12
25,Bible ,,"Lane, Lunsford",The Narrative of Lunsford Lane,1842,20-21,/neh/lanelunsford/lane.html#lane20
26,Bible ,,"Northup, Solomon",Twelve Years a Slave,1853,127-130,/fpn/northup/northup.html#northup127
27,Bible ,,"Offley, G. W. (Greensbury Washington)",A Narrative of the Life and Labors of the Rev. G. W. Offley,1859,12-14,/neh/offley/offley.html#offley12
28,Bible ,,"Richmond, Legh",The Negro Servant,1815,147,/neh/richmond/richmond.html#rich147
29,Bible ,,"Robinson, Rev. William H.",From Log Cabin to the Pulpit,1913,84-89,/fpn/robinson/robinson.html#robinson84
30,Bible ,,"Watson, Henry",Narrative of Henry Watson,1848,29-31,/neh/watson/watson.html#watson29
31,"Biblical Israel, identification with",,Aaron,The Light and Truth of Slavery,1845,25-26,/neh/aaron/aaron.html#p25
32,"Biblical Israel, identification with",,"Albert, Octavia V. Rogers",The House of Bondage,1890,31,/neh/albert/albert.html#albert31
33,"Biblical Israel, identification with",,"Black, Leonard",The Life and Sufferings of Leonard Black,1847,6,/neh/black/black.html#black6
34,"Biblical Israel, identification with",,"Brown, William Wells",My Southern Home,1880,86-89,/neh/brown80/brown80.html#brown86
35,"Biblical Israel, identification with",,"Grimes, William","Life of William Grimes, the Runaway Slave",1825,28-29,/neh/grimes25/grimes25.html#grime28
36,"Biblical Israel, identification with",,"Horton, George Moses",Life of George M. Horton,1845,x,/fpn/hortonlife/horton.html#hort10
37,"Biblical Israel, identification with",,"Jackson, Mattie J.",The Story of Mattie J. Jackson,1866,21,/neh/jacksonm/jackson.html#jackson21
38,"Biblical Israel, identification with",,"Latta, M. L. (Morgan London)",The History of My Life and Work,1903,40,/neh/latta/latta.html#latta40
39,"Biblical Israel, identification with",,"Meachum, John B.",An Address to All the Colored Citizens of the United States,1846,41-43,/neh/meachum/meachum.html#p41
40,"Biblical Israel, identification with",,"Randolph, Peter",Sketches of Slave Life,1855,6,/neh/randol55/randol55.html#rando6
41,"Biblical Israel, identification with",,"Ray, Emma J. Smith","Twice Sold, Twice Ransomed",1926,20-22,/neh/rayemma/rayemma.html#p20
42,"Biblical Israel, identification with",,"Robinson, Rev. William H.",From Log Cabin to the Pulpit,1913,49-50,/fpn/robinson/robinson.html#robinson49
43,"Christmas, slaves' celebration",,"Brown, William Wells",My Southern Home,1880,95-97,/neh/brown80/brown80.html#brown95
44,"Christmas, slaves' celebration",,"Douglass, Frederick",Life and Times of Frederick Douglass,1892,180-183,/neh/dougl92/dougl92.html#p180
45,"Christmas, slaves' celebration",,"Fedric, Francis",Slave Life in Virginia and Kentucky ,1863,28-19,/neh/fedric/fedric.html#fred28
46,"Christmas, slaves' celebration",,"Hughes, Louis",Thirty Years a Slave from Bondage to Freedom,1897,13-16,/fpn/hughes/hughes.html#hughes13
47,"Christmas, slaves' celebration",,"Smith, James Lindsay",Autobiography of James L. Smith,1881,92-93,/neh/smithj/smithj.html#jsmith92
48,"Christmas, slaves' celebration",,"Stroyer, Jacob",Sketches of My Life in the South,1879,34-36,/neh/stroyer/stroyer.html#p34
49,Condemnation of masters,,Aaron,The Light and Truth of Slavery,1845,6-7,/neh/aaron/aaron.html#p6
50,Condemnation of masters,,"Bibb, Henry",Narrative of the Life and Adventures of Henry Bibb,1849,110,/neh/bibb/bibb.html#bibb110
51,Condemnation of masters,,"Brown, Henry Box",Narrative of the Life of Henry Box Brown,1851,3,/neh/brownbox/brownbox.html#brown3
52,Condemnation of masters,,"Brown, William Wells",Narrative of William W. Brown,1849,37-38,/fpn/brownw/brown.html#BroNarr37
53,Condemnation of masters,,"Douglass, Frederick",Life and Times of Frederick Douglass,1892,100-106,/neh/dougl92/dougl92.html#p100
54,Condemnation of masters,,"Hughes, Louis",Thirty Years a Slave from Bondage to Freedom,1897,90-91,/fpn/hughes/hughes.html#hughes90
55,Condemnation of masters,,"Jackson, John Andrew",The Experience of a Slave in South Carolina,1862,40,/fpn/jackson/jackson.html#Jack40
56,Condemnation of masters,,"Jacobs, Harriet Ann",Incidents in the Life of a Slave Girl,1861,22,/fpn/jacobs/jacobs.html#jac22
57,Condemnation of masters,,"James, Rev. Thomas","Life of Rev. Thomas James, by Himself",1886,8-9,/neh/jamesth/jamesth.html#james8
58,Condemnation of masters,,"Johnson, Isaac",Slavery Days in Old Kentucky,1901,31-33,/neh/johnson/johnson.html#p31
59,Condemnation of masters,,"Jones, Thomas H.",The Experience of Thomas H. Jones,1862,29,/fpn/jones/jones.html#AnoJone29
60,Condemnation of masters,,"Long, Rev. John Dixon",Pictures of Slavery in Church and State,1857,166-168,/neh/long/long.html#long166
61,Condemnation of masters,,"Mason, Isaac",Life of Isaac Mason as a Slave,1893,27-32,/fpn/mason/mason.html#mason27
62,Condemnation of masters,,"Offley, G. W. (Greensbury Washington)",A Narrative of the Life and Labors of the Rev. G. W. Offley,1859,15-16,/neh/offley/offley.html#offley15
63,Condemnation of masters,,"Robinson, Rev. William H.",From Log Cabin to the Pulpit,1913,81-84,/fpn/robinson/robinson.html#robinson81
64,Condemnation of masters,,"Roper, Moses","A Narrative of the Adventures and Escape of Moses Roper, from American Slavery",1838,21,/fpn/roper/roper.html#roper21
65,Condemnation of masters,,"Steward, Austin","Twenty-Two Years a Slave, and Forty Years a Freeman",1857,96-101,/fpn/steward/steward.html#steward96
66,Condemnation of masters,,"Troy, Rev. William",Hair-breadth Escapes from Slavery to Freedom,1861,6,/neh/troy/troy.html#p6
67,Condemnation of masters,,"Veney, Bethany","The Narrative of Bethany Veney, a Slave Woman",1889,46,/fpn/veney/veney.html#veney46
68,Conjure ,,"Bibb, Henry",Narrative of the Life and Adventures of Henry Bibb,1849,25-28,/neh/bibb/bibb.html#bibb25
69,Conjure ,,"Brown, William Wells",My Southern Home,1880,10-11,/neh/brown80/brown80.html#brown10
70,Conjure ,,"Brown, William Wells",Narrative of William W. Brown,1849,90-92,/fpn/brownw/brown.html#BroNarr90
71,Conjure ,,"Douglass, Frederick",Life and Times of Frederick Douglass,1881,133-137,/neh/douglasslife/douglass.html#douglass133
72,Conjure ,,"Douglass, Frederick",My Bondage and My Freedom,1855,237-248,/neh/douglass55/douglass55.html#p237
73,Conjure ,,"Grimes, William","Life of William Grimes, the Runaway Slave",1825,23-25,/neh/grimes25/grimes25.html#grime23
74,Conjure ,,"Grimes, William","Life of William Grimes, the Runaway Slave",1855,27-30,/neh/grimes55/grimes55.html#grimes27
75,Conjure ,,"Jamison, M. F. (Monroe Franklin)","Autobiography and Work of Bishop M. F. Jamison, D.D.",1912,34-40,/neh/jamison/jamison.html#jam34
76,Conjure ,,"Stroyer, Jacob",Sketches of My Life in the South,1879,42-45,/neh/stroyer/stroyer.html#p42
77,Conversion experience,,"Albert, Octavia V. Rogers",The House of Bondage,1890,12,/neh/albert/albert.html#albert12
78,Conversion experience,,"Allinson, William J.",Memoir of Quamino Buccau,1851,6-7,/neh/allinson/allinson.html#p6
79,Conversion experience,,"Anderson, Thomas",Interesting Account of Thomas Anderson,1854?,1-4,/neh/anderson/anderson.html#Text
80,Conversion experience,,"Baquaqua, Mahommah Gardo",Biography of Mahommah G. Baquaqua,1854,59-60,/neh/baquaqua/baquaqua.html#p59
81,Conversion experience,,"Black, Leonard",The Life and Sufferings of Leonard Black,1847,20-21,/neh/black/black.html#black20
82,Conversion experience,,"Brinch, Boyrereau and Prentiss, Benjamin F. (Benjamin Franklin)","The Blind African Slave, or Memoirs of Boyrereau Brinch, Nick-named Jeffrey Brace",1817,204,/neh/brinch/brinch.html
83,Conversion experience,,"Capehart, L. C.",Reminiscences of Isaac and Sukey,1907,11,/neh/capehart/capehart.html#cape11
84,Conversion experience,,"Davis, Noah",A Narrative of the Life of Rev. Noah Davis,1859,19-25,/neh/davisn/davis.html#davis19
85,Conversion experience,,Elizabeth,"Memoir of Old Elizabeth, a Coloured Woman",1863,4-8,/neh/eliza1/eliza1.html#eliza4
86,Conversion experience,,Elizabeth,"Elizabeth, a Colored Minister of the Gospel Born in Slavery",1889,2-4,/neh/eliza2/eliza2.html#eliza2
87,Conversion experience,,"Foster, G. L. (Gustavus Lemuel)",Uncle Johnson,1860,66-67,/neh/foster/foster.html#foster66
88,Conversion experience,,"Grimes, William","Life of William Grimes, The Runaway Slave",1825,28,/neh/grimes25/grimes25.html#grime28
89,Conversion experience,,"Henson, Josiah",The Life of Josiah Henson,1849,26-27,/neh/henson49/henson49.html#p26
90,Conversion experience,,"Henson, Josiah",Truth Stranger Than Fiction,1858,25-30,/neh/henson58/henson58.html#henso25
91,Conversion experience,,"Johnson, Thomas Lewis",Twenty-Eight Years a Slave,1909,9-11,/neh/johnson1/johnson.html#john9
92,Conversion experience,,"Jones, Friday",Days of Bondage,1883,1-3,/neh/fjones/jones.html#jones1
93,Conversion experience,,"Jones, Thomas",Experience and Personal Narrative of Uncle Tom Jones,1854,19-20,/neh/jonestom/jones.html#tom19
94,Conversion experience,,"Jones, Thomas H.",The Experience of Thomas H. Jones,1862,25-26,/fpn/jones/jones.html#AnoJone25
95,Conversion experience,,"Marrs, Elijah P.",Life and History of the Rev. Elijah P. Marrs,1885,13-15,/neh/marrs/marrs.html#p13
96,Conversion experience,,"McCray, S. J.",Life of Mary F. McCray,1898,10-13,/neh/mccray/mary.html#McCMary10
97,Conversion experience,,No Author,Biography of London Ferrill,1854,1-3,/neh/ferrill/ferrill.html#p1
98,Conversion experience,,"Randolph, Peter",Sketches of Slave Life,1855,25-26,/neh/randol55/randol55.html#rando25
99,Conversion experience,,"Richmond, Legh",The Negro Servant,1815,143-149,/neh/richmond/richmond.html#rich143
100,Conversion experience,,"Robinson, Rev. William H.",From Log Cabin to the Pulpit,1913,137-142,/fpn/robinson/robinson.html#robinson137
101,Conversion experience,,"Smith, James Lindsay",Autobiography of James L. Smith ,1881,26,/neh/smithj/smithj.html#jsmith26
102,Conversion experience,,"Stevens, Charles Emery",Anthony Burns,1856,162-164,/neh/stevens/stevens.html#steve162
103,Conversion experience,,"Veney, Bethany","The Narrative of Bethany Veney, a Slave Woman",1889,15-16,/fpn/veney/veney.html#veney15
104,Conversion experience,,"Williams, Isaac",Aunt Sally,1858,44-45,/neh/sally/sally.html#sally44
105,Funerals,,"Bradford, Sarah H. (Sarah Hopkins)",Scenes in the Life of Harriet Tubman,1869,43-44,/neh/bradford/bradford.html#bradf43
106,Funerals,,"Long, Rev. John Dixon",Pictures of Slavery in Church and State,1857,19-20,/neh/long/long.html#long19
107,Funerals,,No Author,Biography of London Ferrill,1854,3,/neh/ferrill/ferrill.html#p3
108,Funerals,,"Randolph, Peter",Sketches of Slave Life,1855,13-15,/neh/randol55/randol55.html#rando13
109,Funerals,,"Stevens, Charles Emery",Anthony Burns,1856,167-168,/neh/stevens/stevens.html#steve167
110,"Heaven, slaves' notion of",,"Anderson, William J.",Life and Narrative of William J. Anderson,1857,8,/neh/andersonw/andersonw.html#p8
111,"Heaven, slaves' notion of",,"Ball, Charles",Fifty Years in Chains,1859,150,/fpn/ball/ball.html#ball150
112,"Heaven, slaves' notion of",,"Bibb, Henry",Narrative of the Life and Adventures of Henry Bibb,1849,126,/neh/bibb/bibb.html#bibb126
113,"Heaven, slaves' notion of",,"Brown, Rebecca Warren[?]",Memoir of Mrs. Chloe Spear,1832,17,/neh/brownrw/brownrw.html#spear17
114,"Heaven, slaves' notion of",,"Brown, William Wells",My Southern Home,1880,20,/neh/brown80/brown80.html#brown20
115,"Heaven, slaves' notion of",,"Capehart, L.C.",Reminiscences of Isaac and Sukey,1907,9,/neh/capehart/capehart.html#cape9
116,"Heaven, slaves' notion of",,Elizabeth,"Memoir of Old Elizabeth, a Coloured Woman",1863,6,/neh/eliza1/eliza1.html#eliza6
117,"Heaven, slaves' notion of",,"Foster, G. L. (Gustavus Lemuel)",Uncle Johnson,1860,73-75,/neh/foster/foster.html#foster73
118,"Heaven, slaves' notion of",,"Levering, Sarah R.",Memoirs of Margaret Jane Blake of Baltimore,1897,27-28,/neh/levering/levering.html#lev27
119,"Heaven, slaves' notion of",,"Long, Rev. John Dixon",Pictures of Slavery in Church and State,1857,165,/neh/long/long.html#long165
120,"Heaven, slaves' notion of",,"Meachum, John B.",An Address to All the Colored Citizens of the United States,1846,40-41,/neh/meachum/meachum.html#p40
121,"Heaven, slaves' notion of",,"Offley, G. W. (Greensbury Washington)",A Narrative of the Life and Labors of the Rev. G. W. Offley,1859,15,/neh/offley/offley.html#offley15
122,"Heaven, slaves' notion of",,"Randolph, Peter",Sketches of Slave Life,1855,14,/neh/randol55/randol55.html#rando14
123,"Heaven, slaves' notion of",,"Upham, Mrs. T.C.",Narrative of Phebe Ann Jacobs,1850?,6,/neh/upham/upham.html#jacobs6
124,Jesus,,Aaron,The Light and Truth of Slavery,1845,4,/neh/aaron/aaron.html#p4
125,Jesus,,"Black, Leonard",The Life and Sufferings of Leonard Black,1847,53,/neh/black/black.html#black53
126,Jesus,,"Browne, Martha Griffith",Autobiography of a Female Slave,1857,46-48,/neh/browne/browne.html#browne46
127,Jesus,,"Davis, Noah",A Narrative of the Life of Rev. Noah Davis,1859,24,/neh/davisn/davis.html#davis24
128,Jesus,,"Foster, G. L. (Gustavus Lemuel)",Uncle Johnson,1860,70,/neh/foster/foster.html#foster70
129,Jesus,,"Jackson, Mattie J.",The Story of Mattie J. Jackson,1866,5,/neh/jacksonm/jackson.html#jackson5
130,Jesus,,"Johnson, Thomas Lewis",Twenty-Eight Years a Slave,1909,15-17,/neh/johnson/johnson.html#john15
131,Jesus,,"Jones, Thomas H.",The Experience of Thomas H. Jones,1862,28,/fpn/jones/jones.html#AnoJone28
132,Jesus,,"Jones, Thomas",Experience and Personal Narrative of Uncle Tom Jones,1854,20,/neh/jonestom/jones.html#tom20
133,Jesus,,"Levering, Sarah R.",Memoirs of Margaret Jane Blake of Baltimore,1897,47,/neh/levering/levering.html#lev47
134,Jesus,,"Offley, G. W. (Greensbury Washington)",A Narrative of the Life and Labors of the Rev. G. W. Offley,1859,14-15,/neh/offley/offley.html#offley14
135,Jesus,,"Randolph, Peter",Sketches of Slave Life,1855,9-11,/neh/randol55/randol55.html#rando9
136,Jesus,,"Richmond, Legh",The Negro Servant,1815,145-149,/neh/richmond/richmond.html#rich145
137,Jesus,,"Williams, Isaac",Aunt Sally,1858,44-45,/neh/sally/sally.html#sally44
138,"Literacy:  includes learning to read and write, further education, and experiences related to literacy",,"Adams, John Quincy",Narrative of the Life of John Quincy Adams,1872,6,/neh/adams/adams.html#adams6
139,"Literacy:  includes learning to read and write, further education, and experiences related to literacy",,"Albert, Octavia V. Rogers",The House of Bondage,1890,10-11,/neh/albert/albert.html#albert10
140,"Literacy:  includes learning to read and write, further education, and experiences related to literacy",,"Anderson, Thomas",Interesting Account of Thomas Anderson,1854?,5,/neh/anderson/anderson.html#ander5
141,"Literacy:  includes learning to read and write, further education, and experiences related to literacy",,"Anderson, William J.",Life and Narrative of William J. Anderson ,1857,8-9,/neh/andersonw/andersonw.html#p8
142,"Literacy:  includes learning to read and write, further education, and experiences related to literacy",,Anonymous,The Life of Joice Heth,1835,9,/neh/heth/heth.html#heth9
143,"Literacy:  includes learning to read and write, further education, and experiences related to literacy",,Anonymous,"A Narrative of ""Griswold""",1845,4,/neh/griswold/griswold.html#griswold4
144,"Literacy:  includes learning to read and write, further education, and experiences related to literacy",,"Bibb, Henry",Narrative of the Life and Adventures of Henry Bibb,1849,21,/neh/bibb/bibb.html#bibb21
145,"Literacy:  includes learning to read and write, further education, and experiences related to literacy",,"Black, Leonard",The Life and Sufferings of Leonard Black,1847,18-19,/neh/black/black.html#black18
146,"Literacy:  includes learning to read and write, further education, and experiences related to literacy",,"Brown, Rebecca Warren[?]",Memoir of Mrs. Chloe Spear,1832,20-31,/neh/brownrw/brownrw.html#spear20
148,"Literacy:  includes learning to read and write, further education, and experiences related to literacy",,"Cugoano, Ottobah",Narrative of the Enslavement of Ottobah Cugoano,1825,126-127,/neh/cugoano/cugoano.html#fish126
149,"Literacy:  includes learning to read and write, further education, and experiences related to literacy",,"Davis, Noah",A Narrative of the Life of Rev. Noah Davis,1859,10,/neh/davisn/davis.html#davis10
150,"Literacy:  includes learning to read and write, further education, and experiences related to literacy",,"Douglass, Frederick",Life and Times of Frederick Douglass,1881,85-86,/neh/douglasslife/douglass.html#douglass85
151,"Literacy:  includes learning to read and write, further education, and experiences related to literacy",,"Ferebee, Rev. L. R.",A Brief History of the Slave Life of Rev. L. R . Ferebee,1882,10,/fpn/ferebee/ferebee.html#ferebee10
152,"Literacy:  includes learning to read and write, further education, and experiences related to literacy",,"Gurley, Ralph Randolph",Sketch of the Life of the Rev. Lott Cary,1835,147,/neh/gurley/gurley.html#cary147
153,"Literacy:  includes learning to read and write, further education, and experiences related to literacy",,"Horton, George Moses",Life of George M. Horton,1845,iv-viii,/fpn/hortonlife/horton.html#hort4
154,"Literacy:  includes learning to read and write, further education, and experiences related to literacy",,"Hughes, Louis",Thirty Years a Slave from Bondage to Freedom,1897,100-103,/fpn/hughes/hughes.html#hughes100
155,"Literacy:  includes learning to read and write, further education, and experiences related to literacy",,"Jacobs, Harriet Ann",Incidents in the Life of a Slave Girl,1861,111-115,/fpn/jacobs/jacobs.html#jac111
156,"Literacy:  includes learning to read and write, further education, and experiences related to literacy",,"Johnson, Isaac",Slavery Days in Old Kentucky,1901,24-25,/neh/johnson/johnson.html#p24
157,"Literacy:  includes learning to read and write, further education, and experiences related to literacy",,"Jones, Thomas H.",The Experience of Thomas H. Jones,1862,13-22,/fpn/jones/jones.html#AnoJone13
158,"Literacy:  includes learning to read and write, further education, and experiences related to literacy",,"Lane, Lunsford",The Narrative of Lunsford Lane,1842,20,/neh/lanelunsford/lane.html#lane20
159,"Literacy:  includes learning to read and write, further education, and experiences related to literacy",,"Marrs, Elijah P.",Life and History of the Rev. Elijah P. Marrs,1885,11-12,/neh/marrs/marrs.html#p11
160,"Literacy:  includes learning to read and write, further education, and experiences related to literacy",,"Offley, G. W. (Greensbury Washington)",A Narrative of the Life and Labors of the Rev. G. W. Offley,1859,9-12,/neh/offley/offley.html#offley9
161,"Literacy:  includes learning to read and write, further education, and experiences related to literacy",,"O'Neal, William",Life and History of William O'Neal,1896,14,/neh/oneal/oneal.html#oneal14
162,"Literacy:  includes learning to read and write, further education, and experiences related to literacy",,"Parker, Allen",Recollections of Slavery Times,1895,54,/neh/parker/parker.html#parker54
163,"Literacy:  includes learning to read and write, further education, and experiences related to literacy",,"Randolph, Peter",Sketches of Slave Life,1855,25-27,/neh/randol55/randol55.html#rando25
164,"Literacy:  includes learning to read and write, further education, and experiences related to literacy",,"Ray, Emma J. Smith","Twice Sold, Twice Ransomed",1926,16,/neh/rayemma/rayemma.html#p16
165,"Literacy:  includes learning to read and write, further education, and experiences related to literacy",,"Richmond, Legh",The Negro Servant,1815,147,/neh/richmond/richmond.html#rich147
166,"Literacy:  includes learning to read and write, further education, and experiences related to literacy",,"Singleton, William Henry",Recollections of My Slavery Days,1922,5-7,/neh/singleton/singleton.html#sing5
167,"Literacy:  includes learning to read and write, further education, and experiences related to literacy",,"Stevens, Charles Emery",Anthony Burns,1856,171-172,/neh/stevens/stevens.html#steve171
168,"Literacy:  includes learning to read and write, further education, and experiences related to literacy",,"Upham, Mrs. T.C.",Narrative of Phebe Ann Jacobs,1850?,3,/neh/upham/upham.html#jacobs3
169,"Literacy:  includes learning to read and write, further education, and experiences related to literacy",,"Williams, James",Narrative of James Williams,1838,26,/neh/williams/williams.html#williams26
170,Marriage,,"Albert, Octavia V. Rogers",The House of Bondage,1890,107-108,/neh/albert/albert.html#albert107
171,Marriage,,"Brown, Henry Box, and Charles Stearn",Narrative of Henry Box Brown,1849,22-23,/neh/boxbrown/boxbrown.html#p22
172,Marriage,,"Brown, William Wells",My Southern Home,1880,44-46,/neh/brown80/brown80.html#brown44
173,Marriage,,"Brown, William Wells",Narrative of William W. Brown,1849,84-89,/fpn/brownw/brown.html#BroNarr84
174,Marriage,,"Bruce, Henry Clay",The New Man,1895,74,/fpn/bruce/bruce.html#bruce74
175,Marriage,,"""Captain Stuart"" [pseud.]",Reuben Maddison,1835,31-32,/neh/captain/captain.html#madd31
176,Marriage,,"Douglass, Frederick", Life and Times of Frederick Douglass,1881,37,/neh/douglasslife/douglass.html#douglass37
177,Marriage,,"Henry, George",Life of George Henry,1894,73-74,/neh/henryg/henryg.html#henry73
178,Marriage,,"Holsey, Lucius Henry, Bp.","Autobiography, Sermons, Addresses, and Essays of Bishop L. H. Holsey, D. D.",1898,11-12,/neh/holsey/holsey.html#hols11
179,Marriage,,"Jackson, Mattie J.",The Story of Mattie J. Jackson,1866,17-18,/neh/jacksonm/jackson.html#jackson17
180,Marriage,,"Jones, Thomas H.",The Experience of Thomas H. Jones,1862,30-37,/fpn/jones/jones.html#AnoJone30
181,Marriage,,"Lane, Lunsford",The Narrative of Lunsford Lane,1842,10-11,/neh/lanelunsford/lane.html#lane10
182,Marriage,,"O'Neal, William",Life and History of William O'Neal,1896,33-38,/neh/oneal/oneal.html#oneal33
183,Marriage,,"Parker, Allen",Recollections of Slavery Times,1895,22-27,/neh/parker/parker.html#parker22
184,Marriage,,"Stroyer, Jacob",Sketches of My Life in the South,1879,11-12,/neh/stroyer/stroyer.html#p11
185,Marriage,,"Truth, Sojourner, and Olive Gilbert",Narrative of Sojourner Truth,1850,36-37,/neh/truth50/truth50.html#truth36
186,Marriage,,"Veney, Bethany","The Narrative of Bethany Veney, a Slave Woman",1889,18-25,/fpn/veney/veney.html#veney18
187,Marriage,,"Watson, Henry",Narrative of Henry Watson,1848,18,/neh/watson/watson.html#watson18
188,Marriage,,"Williams, Isaac",Aunt Sally,1858,50-54,/neh/sally/sally.html#sally50
189,"Morality:  includes conventional Christian morality, slave interpretations, and slaves' moral conflicts.",,"Bibb, Henry",Narrative of the Life and Adventures of Henry Bibb,1851,21-23,/neh/bibb/bibb.html#bibb21
190,"Morality:  includes conventional Christian morality, slave interpretations, and slaves' moral conflicts.",,"Brown, Henry Box, and Charles Stearn",Narrative of Henry Box Brown,1849,26-29,/neh/boxbrown/boxbrown.html#p26
191,"Morality:  includes conventional Christian morality, slave interpretations, and slaves' moral conflicts.",,"Brown, Henry Box",Narrative of the Life of Henry Box Brown,1851,3-4,/neh/brownbox/brownbox.html#brown3
192,"Morality:  includes conventional Christian morality, slave interpretations, and slaves' moral conflicts.",,"Brown, William Wells",My Southern Home,1880,52,/neh/brown80/brown80.html#brown52
193,"Morality:  includes conventional Christian morality, slave interpretations, and slaves' moral conflicts.",,"Clarke, Lewis Garrard",Narrative of the Sufferings of Lewis Clarke,1845,83-84,/neh/clarke/clarke.html#clarke83
194,"Morality:  includes conventional Christian morality, slave interpretations, and slaves' moral conflicts.",,"Clarke, Lewis Garrard, and Milton Clarke",Narratives of the Sufferings of Lewis and Milton Clarke,1846,119-121,/neh/clarkes/clarkes.html#clark119
195,"Morality:  includes conventional Christian morality, slave interpretations, and slaves' moral conflicts.",,"Cox, Mary L. and Susan H. Cox, ed.",Narrative of Dimmock Charlton,1859,9,/neh/cox/cox.html#char9
196,"Morality:  includes conventional Christian morality, slave interpretations, and slaves' moral conflicts.",,"Green, J. D. (Jacob D.)",Narrative of the Life of J. D. Green,1864,8-9,/neh/greenjd/greenjd.html#p8
197,"Morality:  includes conventional Christian morality, slave interpretations, and slaves' moral conflicts.",,"Grimes, William","Life of William Grimes, The Runaway Slave",1825,22,/neh/grimes25/grimes25.html#grime22
198,"Morality:  includes conventional Christian morality, slave interpretations, and slaves' moral conflicts.",,"Grimes, William","Life of William Grimes, the Runaway Slave",1855,28-29,/neh/grimes55/grimes55.html#grimes28
199,"Morality:  includes conventional Christian morality, slave interpretations, and slaves' moral conflicts.",,"Henson, Josiah",The Life of Josiah Henson,1849,23-25,/neh/henson49/henson49.html#p23
200,"Morality:  includes conventional Christian morality, slave interpretations, and slaves' moral conflicts.",,"Henson, Josiah",Truth Stranger Than Fiction,1858,44-54,/neh/henson58/henson58.html#henso44
201,"Morality:  includes conventional Christian morality, slave interpretations, and slaves' moral conflicts.",,"Henson, Josiah",Uncle Tom's Story of His Life,1876,43-48,/neh/henson/henson.html#henso43
202,"Morality:  includes conventional Christian morality, slave interpretations, and slaves' moral conflicts.",,"Holsey, Lucius Henry, Bp.","Autobiography, Sermons, Addresses, and Essays of Bishop L. H. Holsey, D. D.",1898,10,/neh/holsey/holsey.html#hols10
203,"Morality:  includes conventional Christian morality, slave interpretations, and slaves' moral conflicts.",,"Jones, Thomas",Experience and Personal Narrative of Uncle Tom Jones,1854,13-22,/neh/jonestom/jones.html#tom13
204,"Morality:  includes conventional Christian morality, slave interpretations, and slaves' moral conflicts.",,"Parker, Allen",Recollections of Slavery Times,1895,75-78,/neh/parker/parker.html#parker75
205,"Morality:  includes conventional Christian morality, slave interpretations, and slaves' moral conflicts.",,"Veney, Bethany","The Narrative of Bethany Veney, a Slave Woman",1889,7-8,/fpn/veney/veney.html#veney7
206,"Prayer meetings of slaves, secret (""Invisible Institution"")",,"Albert, Octavia V. Rogers",The House of Bondage,1890,11-13,/neh/albert/albert.html#albert11
207,"Prayer meetings of slaves, secret (""Invisible Institution"")",,"Bibb, Henry",Narrative of the Life and Adventures of Henry Bibb,1849,119-121,/neh/bibb/bibb.html#bibb119
208,"Prayer meetings of slaves, secret (""Invisible Institution"")",,Elizabeth,"Memoir of Old Elizabeth, a Coloured Woman",1863,10-12,/neh/eliza1/eliza1.html#eliza10
209,"Prayer meetings of slaves, secret (""Invisible Institution"")",,"Grandy, Moses",Narrative of the Life of Moses Grandy,1843,56-57,/fpn/grandy/grandy.html#grandy56
210,"Prayer meetings of slaves, secret (""Invisible Institution"")",,"Hughes, Louis",Thirty Years a Slave from Bondage to Freedom,1897,52-54,/fpn/hughes/hughes.html#hughes52
211,"Prayer meetings of slaves, secret (""Invisible Institution"")",,"Jacobs, Harriet Ann",Incidents in the Life of a Slave Girl,1861,103,/fpn/jacobs/jacobs.html#jac103
212,"Prayer meetings of slaves, secret (""Invisible Institution"")",,"Johnson, Thomas Lewis",Twenty-Eight Years a Slave,1909,17-19,/neh/johnson1/johnson.html#john17
213,"Prayer meetings of slaves, secret (""Invisible Institution"")",,"Jones, Friday",Days of Bondage,1883,17,/neh/fjones/jones.html#jones17
214,"Prayer meetings of slaves, secret (""Invisible Institution"")",,"Jones, Thomas H.",The Experience of Thomas H. Jones,1862,22-26,/fpn/jones/jones.html#AnoJone22
215,"Prayer meetings of slaves, secret (""Invisible Institution"")",,"Jones, Thomas",Experience and Personal Narrative of Uncle Tom Jones,1854,18-20,/neh/jonestom/jones.html#tom18
216,"Prayer meetings of slaves, secret (""Invisible Institution"")",,"McCray, S. J.",Life of Mary F. McCray,1898,10-13,/neh/mccray/mary.html#McCMary10
217,"Prayer meetings of slaves, secret (""Invisible Institution"")",,"Parker, Allen",Recollections of Slavery Times,1895,67-68,/neh/parker/parker.html#parker67
218,"Prayer meetings of slaves, secret (""Invisible Institution"")",,"Robinson, Rev. William H.",From Log Cabin to the Pulpit,1913,78-80,/fpn/robinson/robinson.html#robinson78
219,"Prayer meetings of slaves, secret (""Invisible Institution"")",,"Smith, James Lindsay",Autobiography of James L. Smith,1881,30-34,/neh/smithj/smithj.html#jsmith30
220,"Prayer meetings of slaves, secret (""Invisible Institution"")",,"Stevens, Charles Emery",Anthony Burns,1856,166-167,/neh/stevens/stevens.html#steve166
221,"Prayer meetings of slaves, secret (""Invisible Institution"")",,"Thompson, John",The Life of John Thompson,1856,19,/neh/thompson/thompson.html#thomp19
222,"Prayer meetings of slaves, secret (""Invisible Institution"")",,"Upham, Mrs. T. C.",Narrative of Phebe Ann Jacobs,1850?,5,/neh/upham/upham.html#jacobs5
223,"Preachers, black",,"Brown, Henry Box, and Charles Stearn",Narrative of Henry Box Brown,1849,38-39,/neh/boxbrown/boxbrown.html#p38
224,"Preachers, black",,"Bruce, Henry Clay",The New Man,1895,72-74,/fpn/bruce/bruce.html#bruce72
225,"Preachers, black",,"Douglass, Frederick",Life and Times of Frederick Douglass,1881,82-84,/neh/douglasslife/douglass.html#douglass82
226,"Preachers, black",,E. M. W. (Elizabeth Merwin Wickham),A Lost Family Found,1869,18-21,/neh/wickham/wickham.html#p18
227,"Preachers, black",,"Grandy, Moses",Narrative of the Life of Moses Grandy,1843,56-57,/fpn/grandy/grandy.html#grandy56
228,"Preachers, black",,"Gurley, Ralph Randolph",Sketch of the Life of the Rev. Lott Cary,1835,148,/neh/gurley/gurley.html#cary148
229,"Preachers, black",,"Jackson, Mattie J.",The Story of Mattie J. Jackson,1866,6,/neh/jacksonm/jackson.html#jackson6
230,"Preachers, black",,"James, Rev. Thomas","Life of Rev. Thomas James, by Himself",1886,6-7,/neh/jamesth/jamesth.html#james6
231,"Preachers, black",,"Jones, Friday",Days of Bondage,1883,17,/neh/fjones/jones.html#jones17
232,"Preachers, black",,"Lane, Isaac","Autobiography of Bishop Isaac Lane, LL.D.",1916,52-55,/fpn/lane/lane.html#lane52
233,"Preachers, black",,"Offley, G. W. (Greensbury Washington)",A Narrative of the Life and Labors of the Rev. G. W. Offley,1859,10,/neh/offley/offley.html#offley10
234,"Preachers, black",,"Pickard, Kate E. R.",The Kidnapped and the Ransomed,1856,180,/neh/pickard/pickard.html#pickard180
236,"Preachers, black",,"Singleton, William Henry",Recollections of My Slavery Days,1922,7,/neh/singleton/singleton.html#sing7
237,"Preachers, black",,"Smith, James Lindsay",Autobiography of James L. Smith,1881,26-28,/neh/smithj/smithj.html#jsmith26
238,"Preachers, black",,"Stevens, Charles Emery",Anthony Burns,1856,165-167,/neh/stevens/stevens.html#steve165
239,"Preachers, black",,"Troy, Rev. William",Hair-breadth Escapes from Slavery to Freedom,1861,28-29,/neh/troy/troy.html#p28
240,"Preachers, black",,"Williams, James",Narrative of James Williams,1838,25-27,/neh/williams/williams.html#williams25
241,"Religious experience, positive",,Aaron,The Light and Truth of Slavery,1845,4,/neh/aaron/aaron.html#p4
242,"Religious experience, positive",,"Allinson, William J.",Memoir of Quamino Buccau,1851,6-7,/neh/allinson/allinson.html#p6
243,"Religious experience, positive",,"Anderson, Thomas",Interesting Account of Thomas Anderson,1854?,1-2,/neh/anderson/anderson.html#Text
244,"Religious experience, positive",,"Anderson, William J.",Life and Narrative of William J. Anderson,1857,8-10,/neh/andersonw/andersonw.html#p8
245,"Religious experience, positive",,"Black, Leonard",The Life and Sufferings of Leonard Black ,1847,6,/neh/black/black.html#black6
246,"Religious experience, positive",,"Brinch, Boyrereau and Prentiss, Benjamin F. (Benjamin Franklin)","The Blind African Slave, or Memoirs of Boyrereau Brinch, Nick-named Jeffrey Brace",1817,204,/neh/brinch/brinch.html
247,"Religious experience, positive",,"Brown, William Wells",My Southern Home,1880,3,/neh/brown80/brown80.html#brown3
248,"Religious experience, positive",,"Bruce, Henry Clay",The New Man,1895,71-72,/fpn/bruce/bruce.html#bruce71
249,"Religious experience, positive",,"Charlton, Lewis, ed. by Edward Everett Brown",Sketch of the Life of Mr. Lewis Charlton,1870,4-5,/neh/charlton/charlton.html#char4
250,"Religious experience, positive",,"Davis, Noah",A Narrative of the Life of Rev. Noah Davis,1859,19-25,/neh/davisn/davis.html#davis19
251,"Religious experience, positive",,"Douglass, Frederick",Life and Times of Frederick Douglass,1881,82-84,/neh/douglasslife/douglass.html#douglass82
252,"Religious experience, positive",,"Douglass, Frederick",Life and Times of Frederick Douglass,1892,110-113,/neh/dougl92/dougl92.html#p110
253,"Religious experience, positive",,"Douglass, Frederick",My Bondage and My Freedom,1855,166-169,/neh/douglass55/douglass55.html#p166
254,"Religious experience, positive",,Elizabeth,"Memoir of Old Elizabeth, a Coloured Woman",1863,3-19,/neh/eliza1/eliza1.html#eliza3
255,"Religious experience, positive",,E. M. W. (Elizabeth Merwin Wickham),A Lost Family Found,1869,21,/neh/wickham/wickham.html#p21
256,"Religious experience, positive",,"Foster, G. L. (Gustavus Lemuel)",Uncle Johnson,1860,65-82,/neh/foster/foster.html#foster65
257,"Religious experience, positive",,"Grimes, William","Life of William Grimes, the Runaway Slave",1825,17,/neh/grimes25/grimes25.html#grime17
258,"Religious experience, positive",,"Hayden, William",Narrative of William Hayden,1846,4-8,/neh/hayden/hayden.html#p4
259,"Religious experience, positive",,"Jacobs, Harriet Ann",Incidents in the Life of a Slave Girl,1861,111-113,/fpn/jacobs/jacobs.html#jac111
260,"Religious experience, positive",,"Johnson, Thomas Lewis",Twenty-Eight Years a Slave,1909,9-19,/neh/johnson/johnson.html#john9
261,"Religious experience, positive",,"Jones, Friday",Days of Bondage,1883,1-3,/neh/fjones/jones.html#jones1
262,"Religious experience, positive",,"Jones, Thomas H.",The Experience of Thomas H. Jones,1862,26-29,/fpn/jones/jones.html#AnoJone26
263,"Religious experience, positive",,"Jones, Thomas",Experience and Personal Narrative of Uncle Tom Jones,1854,20,/neh/jonestom/jones.html#tom20
264,"Religious experience, positive",,"Long, Rev. John Dixon",Pictures of Slavery in Church and State,1857,162-163,/neh/long/long.html#long162
265,"Religious experience, positive",,"McCray, S. J.",Life of Mary F. McCray,1898,13-16,/neh/mccray/mary.html#McCMary13
266,"Religious experience, positive",,"Offley, G. W. (Greensbury Washington)",A Narrative of the Life and Labors of the Rev. G. W. Offley,1859,9-10,/neh/offley/offley.html#offley9
267,"Religious experience, positive",,"Pickard, Kate E. R.",The Kidnapped and the Ransomed,1856,180,/neh/pickard/pickard.html#pickard180
268,"Religious experience, positive",,"Singleton, William Henry",Recollections of My Slavery Days,1922,6-7,/neh/singleton/singleton.html#sing6
269,"Religious experience, positive",,"Smith, Rev. David, and Daniel Alexander Payne",Biography of Rev. David Smith of the A. M. E. Church,1881,12-14,/neh/dsmith/dsmith.html#dsmith12
270,"Religious experience, positive",,"Stevens, Charles Emery",Anthony Burns,1856,165,/neh/stevens/stevens.html#steve165
271,"Religious experience, positive",,"Upham, Mrs. T. C.",Narrative of Phebe Ann Jacobs,1850?,1-8,/neh/upham/upham.html#Text
272,"Religious experience, positive",,"Veney, Bethany","The Narrative of Bethany Veney, a Slave Woman",1889,15-17,/fpn/veney/veney.html#veney15
273,Religious practice ,,"Allinson, William J.",Memoir of Quamino Buccau,1851,8,/neh/allinson/allinson.html#p8
274,Religious practice ,,"Bibb, Henry",Narrative of the Life and Adventures of Henry Bibb,1849,23-24,/neh/bibb/bibb.html#bibb23
275,Religious practice ,,"Black, Leonard",The Life and Sufferings of Leonard Black ,1847,17,/neh/black/black.html#black17
276,Religious practice ,,"Brown, Henry Box",Narrative of the Life of Henry Box Brown,1851,28-32,/neh/brownbox/brownbox.html#brown28
277,Religious practice ,,"Brown, William Wells",My Southern Home,1880,3,/neh/brown80/brown80.html#brown3
278,Religious practice ,,"Brown, William Wells",Narrative of William W. Brown,1849,34-38,/fpn/brownw/brown.html#BroNarr34
279,Religious practice ,,"Bruce, Henry Clay",The New Man,1895,71-73,/fpn/bruce/bruce.html#bruce71
280,Religious practice ,,"Douglass, Frederick",Life and Times of Frederick Douglass,1881,31-32,/neh/douglasslife/douglass.html#douglass31
281,Religious practice ,,"Douglass, Frederick",Life and Times of Frederick Douglass,1892,47,/neh/dougl92/dougl92.html#p47
282,Religious practice ,,"Douglass, Frederick",My Bondage and My Freedom,1855,71-72,/neh/douglass55/douglass55.html#p71
283,Religious practice ,,E. M. W. (Elizabeth Merwin Wickham),A Lost Family Found,1869,19,/neh/wickham/wickham.html#p19
284,Religious practice ,,"Fedric, Francis",Slave Life in Virginia and Kentucky ,1863,26-28,/neh/fedric/fedric.html#fred26
285,Religious practice ,,"Hughes, Louis",Thirty Years a Slave from Bondage to Freedom,1897,90-91,/fpn/hughes/hughes.html#hughes90
286,Religious practice ,,"Jackson, Mattie J.",The Story of Mattie J. Jackson,1866,6,/neh/jacksonm/jackson.html#jackson6
287,Religious practice ,,"Jacobs, Harriet Ann",Incidents in the Life of a Slave Girl,1861,105-111,/fpn/jacobs/jacobs.html#jac105
288,Religious practice ,,"Johnson, Thomas Lewis",Twenty-Eight Years a Slave,1909,10,/neh/johnson1/johnson.html#john10
289,Religious practice ,,"Lane, Lunsford",The Narrative of Lunsford Lane,1842,21,/neh/lanelunsford/lane.html#lane21
290,Religious practice ,,"Long, Rev. John Dixon",Pictures of Slavery in Church and State,1857,164-165,/neh/long/long.html#long164
291,Religious practice ,,"Offley, G. W. (Greensbury Washington)",A Narrative of the Life and Labors of the Rev. G. W. Offley,1859,12,/neh/offley/offley.html#offley12
292,Religious practice ,,"Roper, Moses","A Narrative of the Adventures and Escape of Moses Roper, from American Slavery",1838,51,/fpn/roper/roper.html#roper51
293,Religious practice ,,"Randolph, Peter",Sketches of Slave Life,1855,32,/neh/randol55/randol55.html#rando32
294,Religious practice ,,"Singleton, William Henry",Recollections of My Slavery Days,1922,7,/neh/singleton/singleton.html#sing7
295,Religious practice ,,"Stevens, Charles Emery",Anthony Burns,1856,164-165,/neh/stevens/stevens.html#steve164
296,Religious practice ,,"Thompson, John",The Life of John Thompson,1856,43,/neh/thompson/thompson.html#thomp43
297,Religious practice ,,"Troy, Rev. William",Hair-breadth Escapes from Slavery to Freedom,1861,30,/neh/troy/troy.html#p30
298,Religious practice ,,"Watson, Henry",Narrative of Henry Watson,1848,28-31,/neh/watson/watson.html#watson28
299,Religious practice ,,"Albert, Octavia V. Rogers",The House of Bondage,1890,11-13,/neh/albert/albert.html#albert11
300,Religious practice ,,"Anderson, Thomas",Interesting Account of Thomas Anderson,1854?,3,/neh/anderson/anderson.html#ander3
301,Religious practice ,,"Bibb, Henry",Narrative of the Life and Adventures of Henry Bibb,1849,21,/neh/bibb/bibb.html#bibb21
302,Religious practice ,,"Brown, Henry Box",Narrative of the Life of Henry Box Brown,1851,13,/neh/brownbox/brownbox.html#brown13
303,Religious practice ,,"Brown, Henry Box, and Charles Stearn",Narrative of Henry Box Brown,1849,38-39,/neh/boxbrown/boxbrown.html#p38
305,Religious practice ,,"Douglass, Frederick",Life and Times of Frederick Douglass,1881,83-84,/neh/douglasslife/douglass.html#douglass83
306,Religious practice ,,"Douglass, Frederick",Life and Times of Frederick Douglass,1892,112,/neh/dougl92/dougl92.html#p112
307,Religious practice ,,"Douglass, Frederick",My Bondage and My Freedom,1855,168,/neh/douglass55/douglass55.html#p168
308,Religious practice ,,Elizabeth,"Memoir of Old Elizabeth, a Coloured Woman",1863,11-12,/neh/eliza1/eliza1.html#eliza11
309,Religious practice ,,E. M. W. (Elizabeth Merwin Wickham),A Lost Family Found,1869,19-20,/neh/wickham/wickham.html#p19
310,Religious practice ,,"Grandy, Moses",Narrative of the Life of Moses Grandy,1843,56-57,/fpn/grandy/grandy.html#grandy56
311,Religious practice ,,"Johnson, Isaac",Slavery Days in Old Kentucky,1901,24-25,/neh/johnson/johnson.html#p24
312,Religious practice ,,"Jones, Friday",Days of Bondage,1883,17,/neh/fjones/jones.html#jones17
313,Religious practice ,,"Jones, Thomas H.",The Experience of Thomas H. Jones,1862,22-25,/fpn/jones/jones.html#AnoJone22
314,Religious practice ,,"Jones, Thomas",Experience and Personal Narrative of Uncle Tom Jones,1854,17-19,/neh/jonestom/jones.html#tom17
315,Religious practice ,,"McCray, S. J.",Life of Mary F. McCray,1898,12-13,/neh/mccray/mary.html#McCMary12
316,Religious practice ,,"Offley, G. W. (Greensbury Washington)",A Narrative of the Life and Labors of the Rev. G. W. Offley,1859,15-17,/neh/offley/offley.html#offley15
317,Religious practice ,,"Roper, Moses","A Narrative of the Adventures and Escape of Moses Roper, from American Slavery",1838,52,/fpn/roper/roper.html#roper52
319,Religious practice ,,"Thompson, John",The Life of John Thompson,1856,18-19,/neh/thompson/thompson.html#thomp18
320,Religious practice ,,"Veney, Bethany","The Narrative of Bethany Veney, a Slave Woman",1889,16-17,/fpn/veney/veney.html#veney16
321,Religious practice ,,"Watson, Henry",Narrative of Henry Watson,1848,17,/neh/watson/watson.html#watson17
322,Religious practice ,,"Williams, James",Narrative of James Williams,1838,26,/neh/williams/williams.html#williams26
323,Resistance (religious motivation),,"Anderson, Thomas",Interesting Account of Thomas Anderson,1854?,3,/neh/anderson/anderson.html#ander3
324,Resistance (religious motivation),,"Black, Leonard",The Life and Sufferings of Leonard Black,1847,22-28,/neh/black/black.html#black22
325,Resistance (religious motivation),,"Johnstone, Abraham",The Address of Abraham Johnstone,1797,17-20,/neh/johnstone/johnstone.html#p17
326,Resistance (religious motivation),,"Jones, Friday",Days of Bondage,1883,3-4,/neh/fjones/jones.html#jones3
327,Resistance (religious motivation),,"Jones, Thomas H.",The Experience of Thomas H. Jones,1862,20-27,/fpn/jones/jones.html#AnoJone20
328,Resistance (religious motivation),,"Jones, Thomas",Experience and Personal Narrative of Uncle Tom Jones,1854,15-21,/neh/jonestom/jones.html#tom15
329,Resistance (religious motivation),,"Offley, G. W. (Greensbury Washington)",A Narrative of the Life and Labors of the Rev. G. W. Offley,1859,17-20,/neh/offley/offley.html#offley17
330,Resistance (religious motivation),,"Thompson, John",The Life of John Thompson,1856,25-26,/neh/thompson/thompson.html#thomp25
331,Resistance (religious motivation),,"Watson, Henry",Narrative of Henry Watson,1848,35,/neh/watson/watson.html#watson35
332,Revivals,,"Anderson, Thomas",Interesting Account of Thomas Anderson,1854?,1-2,/neh/anderson/anderson.html#Text
333,Revivals,,"Capehart, L. C.",Reminiscences of Isaac and Sukey,1907,11,/neh/capehart/capehart.html#cape11
334,Revivals,,"Douglass, Frederick",Life and Times of Frederick Douglass,1881,100-102,/neh/douglasslife/douglass.html#douglass100
335,Revivals,,"Jones, Friday",Days of Bondage,1883,3,/neh/fjones/jones.html#jones3
336,Revivals,,"Long, Rev. John Dixon",Pictures of Slavery in Church and State,1857,157-161,/neh/long/long.html#long157
337,Revivals,,"Offley, G. W. (Greensbury Washington)",A Narrative of the Life and Labors of the Rev. G. W. Offley,1859,16-17,/neh/offley/offley.html#offley16
338,Revivals,,"Roper, Moses","A Narrative of the Adventures and Escape of Moses Roper, from American Slavery",1838,55,/fpn/roper/roper.html#roper55
339,Revivals,,"Singleton, William Henry",Recollections of My Slavery Days,1922,6-7,/neh/singleton/singleton.html#sing6
340,Revivals,,"Smith, James Lindsay",Autobiography of James L. Smith,1881,31-32,/neh/smithj/smithj.html#jsmith31
341,Revivals,,"Thompson, John",The Life of John Thompson,1856,25,/neh/thompson/thompson.html#thomp25
342,Revivals,,"Upham, Mrs. T. C.",Narrative of Phebe Ann Jacobs,1850?,5,/neh/upham/upham.html#jacobs5
343,Revivals,,"Veney, Bethany","The Narrative of Bethany Veney, a Slave Woman",1889,15-16,/fpn/veney/veney.html#veney15
344,Revivals,,"Williams, Isaac",Aunt Sally,1858,35-44,/neh/sally/sally.html#sally35
345,"Sabbath, slaves' observance",,"Allinson, William J.",Memoir of Quamino Buccau,1851,6,/neh/allinson/allinson.html#p6
346,"Sabbath, slaves' observance",,Anonymous,The Life of Joice Heth,1835,9,/neh/heth/heth.html#heth9
347,"Sabbath, slaves' observance",,"Beard, Rev. John Relly",The Life of Toussaint L'Ouverture,1853,29,/neh/beardj/beard.html#beard29
348,"Sabbath, slaves' observance",,"Bibb, Henry",Narrative of the Life and Adventures of Henry Bibb,1849,21-24,/neh/bibb/bibb.html#bibb21
349,"Sabbath, slaves' observance",,"Black, Leonard",The Life and Sufferings of Leonard Black,1847,17,/neh/black/black.html#black17
350,"Sabbath, slaves' observance",,"Brown, Rebecca Warren[?]",Memoir of Mrs. Chloe Spear,1832,21,/neh/brownrw/brownrw.html#spear21
351,"Sabbath, slaves' observance",,"Brown, William Wells",My Southern Home,1880,3,/neh/brown80/brown80.html#brown3
352,"Sabbath, slaves' observance",,"Brown, William Wells",Narrative of William W. Brown,1849,35,/fpn/brownw/brown.html#BroNarr35
353,"Sabbath, slaves' observance",,"Davis, Noah",A Narrative of the Life of Rev. Noah Davis,1859,10,/neh/davisn/davis.html#davis10
354,"Sabbath, slaves' observance",,Elizabeth,"Memoir of Old Elizabeth, a Coloured Woman",1863,3,/neh/eliza1/eliza1.html#eliza3
355,"Sabbath, slaves' observance",,E. M. W. (Elizabeth Merwin Wickham),A Lost Family Found,1869,5,/neh/wickham/wickham.html#p5
356,"Sabbath, slaves' observance",,"Fedric, Francis",Slave Life in Virginia and Kentucky,1863,26-27,/neh/fedric/fedric.html#fred26
357,"Sabbath, slaves' observance",,"Ferebee, Rev. L. R.",A Brief History of the Slave Life of Rev. L. R . Ferebee,1882,10,/fpn/ferebee/ferebee.html#ferebee10
358,"Sabbath, slaves' observance",,"Foster, G. L. (Gustavus Lemuel)",Uncle Johnson,1860,76,/neh/foster/foster.html#foster76
359,"Sabbath, slaves' observance",,"Gurley, Ralph Randolph",Sketch of the Life of the Rev. Lott Cary,1835,148,/neh/gurley/gurley.html#cary148
360,"Sabbath, slaves' observance",,"Horton, George Moses",Life of George M. Horton,1845,vi-viii,/fpn/hortonlife/horton.html#hort6
361,"Sabbath, slaves' observance",,"Johnstone, Abraham",The Address of Abraham Johnstone,1797,15,/neh/johnstone/johnstone.html#p15
362,"Sabbath, slaves' observance",,"Lane, Lunsford",The Narrative of Lunsford Lane,1842,21,/neh/lanelunsford/lane.html#lane21
363,"Sabbath, slaves' observance",,"Offley, G. W. (Greensbury Washington)",A Narrative of the Life and Labors of the Rev. G. W. Offley,1859,10,/neh/offley/offley.html#offley10
364,"Sabbath, slaves' observance",,"Randolph, Peter",Sketches of Slave Life,1855,19-20,/neh/randol55/randol55.html#rando19
366,"Sabbath, slaves' observance",,"Upham, Mrs. T. C.",Narrative of Phebe Ann Jacobs,1850?,5-6,/neh/upham/upham.html#jacobs5
367,"Sabbath, slaves' observance",,"Watson, Henry",Narrative of Henry Watson,1848,17,/neh/watson/watson.html#watson17
368,"Sabbath, slaves' observance",,"Williams, Isaac",Aunt Sally,1858,166-169,/neh/sally/sally.html#sally166
369,Spirituals,,Aaron,The Light and Truth of Slavery,1845,21,/neh/aaron/aaron.html#p21
370,Spirituals,,"Adams, John Quincy",Narrative of the Life of John Quincy Adams,1872,32-34,/neh/adams/adams.html#adams32
371,Spirituals,,"Albert, Octavia V. Rogers",The House of Bondage,1890,31-33,/neh/albert/albert.html#albert31
372,Spirituals,,"Douglass, Frederick",Life and Times of Frederick Douglass,1881,44,/neh/douglasslife/douglass.html#douglass44
373,Spirituals,,"Green, William",Narrative of Events in the Life of William Green,1853,22-23,/neh/greenw/greenw.html#green22
374,Spirituals,,"Jackson, John Andrew",The Experience of a Slave in South Carolina,1862,35-39,/fpn/jackson/jackson.html#Jack35
375,Spirituals,,"Johnson, Thomas Lewis",Twenty-Eight Years a Slave,1909,9-11,/neh/johnson1/johnson.html#john9
376,Spirituals,,,"A Narrative of ""Griswold""",1845,13-16,/neh/griswold/griswold.html#griswold13
377,Spirituals,,"Parker, Allen",Recollections of Slavery Times,1895,68-70,/neh/parker/parker.html#parker68
378,Spirituals,,"Randolph, Peter",Sketches of Slave Life,1855,29-31,/neh/randol55/randol55.html#rando29
379,Spirituals,,"Veney, Bethany","The Narrative of Bethany Veney, a Slave Woman",1889,9,/fpn/veney/veney.html#veney9
380,Spirituals,,"Washington, Booker T.",Up From Slavery,1901,19-20,/fpn/washington/washing.html#washing19
381,Spirituals,,"Jacobs, Harriet Ann",Incidents in the Life of a Slave Girl,1861,107-109,/fpn/jacobs/jacobs.html#jac107
382,Spirituals,,"Bradford, Sarah H. (Sarah Hopkins)",Scenes in the Life of Harriet Tubman,1869,44,/neh/bradford/bradford.html#bradf44
383,Spirituals,,"Brown, William Wells",My Southern Home,1880,191-194,/neh/brown80/brown80.html#brown191
384,Spirituals,,"Parker, Allen",Recollections of Slavery Times,1895,66-69,/neh/parker/parker.html#parker66
385,Spirituals,,"Randolph, Peter",Sketches of Slave Life,1855,30-31,/neh/randol55/randol55.html#rando30
386,Spirituals,,"Smith, James Lindsay",Autobiography of James L. Smith,1881,27,/neh/smithj/smithj.html#jsmith27
387,Spirituals,,"Brown, William Wells",My Southern Home,1880,191-194,/neh/brown80/brown80.html#brown191
388,Spirituals,,"Capehart, L. C.",Reminiscences of Isaac and Sukey,1907,11,/neh/capehart/capehart.html#cape11
389,Spirituals,,"Foster, G. L. (Gustavus Lemuel)",Uncle Johnson,1860,70-71,/neh/foster/foster.html#foster70
390,Spirituals,,"Jones, Friday",Days of Bondage,1883,17-18,/neh/fjones/jones.html#jones17
391,Spirituals,,"Pickard, Kate E. R.",The Kidnapped and the Ransomed,1856,179-180,/neh/pickard/pickard.html#pickard179
392,Spirituals,,"Smith, James Lindsay",Autobiography of James L. Smith,1881,27,/neh/smithj/smithj.html#jsmith27
